k,silhouette_score,gap_statistic,gap_std
2,0.007000322414361,2.17550018345245,7.122878130873904e-05
3,0.0050788264625545145,2.181411050168398,0.00010239852402460605
4,0.0045835784073213,2.186685139346877,8.195676753337673e-05
5,0.0029306283944398,2.1908882137494228,9.073199335167135e-05
6,0.0026633132483796,2.1943058436318736,9.996463902515806e-05
7,0.0014677841029232,2.1968698825016864,8.470975022970156e-05
8,0.0010460276184001,2.199297851625817,0.0001023102935036
9,0.0013727122024217,2.201403277584669,9.885152306283178e-05
