k,silhouette_score,gap_statistic,gap_std
2,0.007000322414361052,2.17546384030178,8.00240797317822e-05
3,0.0050788264625545,2.1813947081562493,9.3655779887117e-05
4,0.0045835784073213,2.186700547004726,8.476623537738662e-05
5,0.0029306283944398,2.1909061069694804,9.237601249091066e-05
6,0.0026633132483796,2.1943104524803,9.177773920130706e-05
7,0.0014677841029232,2.196847435261036,9.915810525487562e-05
8,0.0010460276184001,2.199297220399893,8.67761727931808e-05
9,0.0013727122024217,2.201409416617791,8.490549787202098e-05
